No.,ID de pantalla,,Orientacion,Estado de la pantalla ,Fecha instalacion pantalla,Fecha renovación tecnológica pantalla,Pantallas,Nuc Optimo / Vulnerable,Marca,Nuc,Fecha de instalacion Nuc,Redundancia,Fecha de instalacion Teltonika,Estado Redundancia,SD 300 Nova star,Fecha de instalacion SD 300,Estado SD 300 Nova star,UPS Cyberpower,Fecha de instalacion UPS,Estado UPS Cyberpower,Internet Fibra optica,Camara,Fecha de instalacion Camara,Estado Camara,POE,Fecha de instalacion POE,Estado POE,Interruptor termomagnetico 3x100 amp,Interruptor termomagnetico 2x20 amp,Marca,Pitch,Numero de gabinetes,Medida de pantalla en m2
1,MX_CM_VV_COL_414,414,Norte,Optimo,"martes, 9 de julio de 2019",,1,,,,09/07/2019,,,,,09/07/2019,,,,,,Hikvision DS-2CD2643G2,09/07/2019,Vulnerable,UTEPO,09/07/2019,Vulnerable,,,Amicibro,P 6,16,14.74
2,MX_CM_VV_COL_414,414,Sur,Optimo,"martes, 9 de julio de 2019","viernes, 24 de abril de 2026",1,Vulnerable,Histoy Industrial,Nuc,09/07/2019,Teltonika 955,15/08/2025,Optimo,SD 300,09/07/2019,Vulnerable,UPS,24/06/2022,Optimo,Internet Fibra optica,Hikvision DS-2CD2643G2,09/07/2019,Vulnerable,UTEPO,09/07/2019,Vulnerable,1,8,Amicibro,P 6,16,14.74
3,MX_CM_VV_COL_419,419,Norte,Optimo,"viernes, 12 de julio de 2019",,1,,,,12/07/2019,,,,,12/07/2019,,,,,,Hikvision DS-2CD2643G2,12/07/2019,Vulnerable,UTEPO,12/07/2019,Vulnerable,,,Amicibro,P 6,16,14.74
4,MX_CM_VV_COL_419,419,Sur,Optimo,"viernes, 12 de julio de 2019","viernes, 24 de abril de 2026",1,Optimo,Asus,Nuc,12/07/2019,Teltonika 955,15/08/2025,Optimo,SD 300,12/07/2019,Vulnerable,UPS,24/06/2022,Optimo,Internet Fibra optica,Hikvision DS-2CD2643G2,12/07/2019,Vulnerable,UTEPO,12/07/2019,Vulnerable,1,8,Amicibro,P 6,16,14.74
5,MX_CM_VV_COL_440,440,Norte,Optimo,"sábado, 13 de julio de 2019",,1,,,,13/07/2019,,,,,13/07/2019,,,,,,Hikvision DS-2CD2643G2,13/07/2019,Vulnerable,UTEPO,13/07/2019,Vulnerable,,,Amicibro,P 6,16,14.74
6,MX_CM_VV_COL_440,440,Sur,Optimo,"sábado, 13 de julio de 2019",,1,Vulnerable,Intel,Nuc,13/07/2019,Teltonika 955,16/08/2025,Optimo,SD 300,13/07/2019,Vulnerable,UPS,24/06/2022,Optimo,Internet Fibra optica,Hikvision DS-2CD2643G2,13/07/2019,Vulnerable,UTEPO,13/07/2019,Vulnerable,1,8,Amicibro,P 6,16,14.74
7,MX_CM_VV_COL_444,444,Norte,Optimo,"martes, 16 de julio de 2019",,1,,,,16/07/2019,,,,,16/07/2019,,,,,,Hikvision DS-2CD2643G2,16/07/2019,Vulnerable,UTEPO,16/07/2019,Vulnerable,,,Unilumin,P 10,16,14.74
8,MX_CM_VV_COL_444,444,Sur,Optimo,"martes, 16 de julio de 2019",,1,Vulnerable,Intel,Nuc,16/07/2019,Teltonika 955,16/08/2025,Optimo,SD 300,16/07/2019,Vulnerable,UPS,25/06/2022,Optimo,Internet Fibra optica,Hikvision DS-2CD2643G2,16/07/2019,Vulnerable,UTEPO,16/07/2019,Vulnerable,1,8,Unilumin,P 10,24,14.74
9,MX_CM_VV_COL_448,448,Norte,Optimo,"miércoles, 17 de julio de 2019",,1,,,,17/07/2019,,,,,17/07/2019,,,,,,Hikvision DS-2CD2643G2,17/07/2019,Vulnerable,UTEPO,17/07/2019,Vulnerable,,,Unilumin,P 10,10,11.2
10,MX_CM_VV_COL_448,448,Sur,Optimo,"miércoles, 17 de julio de 2019",,1,Optimo,Asus,Nuc,17/07/2019,Teltonika 955,17/08/2025,Optimo,SD 300,17/07/2019,Vulnerable,UPS,25/06/2022,Optimo,Internet Fibra optica,Hikvision DS-2CD2643G2,17/07/2019,Vulnerable,UTEPO,17/07/2019,Vulnerable,1,8,Unilumin,P 10,10,11.2
11,MX_CM_VV_COL_459,459,Norte,Optimo,"viernes, 19 de julio de 2019",,1,,,,19/07/2019,,,,,19/07/2019,,,,,,Hikvision DS-2CD2643G2,19/07/2019,Vulnerable,UTEPO,19/07/2019,Vulnerable,,,Unilumin,P 10,16,14.74
12,MX_CM_VV_COL_459,459,Sur,Optimo,"viernes, 19 de julio de 2019",,1,Vulnerable,Histoy Industrial,Nuc,19/07/2019,Teltonika 955,17/08/2025,Optimo,SD 300,19/07/2019,Vulnerable,UPS,25/06/2022,Optimo,Internet Fibra optica,Hikvision DS-2CD2643G2,19/07/2019,Vulnerable,UTEPO,19/07/2019,Vulnerable,1,8,Unilumin,P 10,16,14.74
13,MX_CM_VV_COL_465,465,Norte,Optimo,"lunes, 22 de julio de 2019",,1,,,,22/07/2019,,,,,22/07/2019,,,,,,Hikvision DS-2CD2643G2,22/07/2019,Vulnerable,UTEPO,22/07/2019,Vulnerable,,,Unilumin,P 10,20,16.1
14,MX_CM_VV_COL_465,465,Sur,Optimo,"lunes, 22 de julio de 2019",,1,Vulnerable,Intel,Nuc,22/07/2019,Teltonika 955,18/08/2025,Optimo,SD 300,22/07/2019,Vulnerable,UPS,26/06/2022,Optimo,Internet Fibra optica,Hikvision DS-2CD2643G2,22/07/2019,Vulnerable,UTEPO,22/07/2019,Vulnerable,1,8,Unilumin,P 10,8,12.8
15,MX_CM_VV_COL_478,478,Norte,Optimo,"martes, 23 de julio de 2019",,1,,,,23/07/2019,,,,,23/07/2019,,,,,,Hikvision DS-2CD2643G2,23/07/2019,Vulnerable,UTEPO,23/07/2019,Vulnerable,,,Unilumin,P 10,16,14.74
16,MX_CM_VV_COL_478,478,Sur,Optimo,"martes, 23 de julio de 2019",,1,Vulnerable,Intel,Nuc,23/07/2019,Teltonika 955,18/08/2025,Optimo,SD 300,23/07/2019,Vulnerable,UPS,26/06/2022,Optimo,Internet Fibra optica,Hikvision DS-2CD2643G2,23/07/2019,Vulnerable,UTEPO,23/07/2019,Vulnerable,1,8,Unilumin,P 10,16,14.74
17,MX_CM_VV_COL_491,491,Norte,Optimo,"jueves, 25 de julio de 2019",,1,,,,25/07/2019,,,,,25/07/2019,,,,,,Hikvision DS-2CD2643G2,25/07/2019,Vulnerable,UTEPO,25/07/2019,Vulnerable,,,Unilumin,P10,16,14.74
18,MX_CM_VV_COL_491,491,Sur,Optimo,"jueves, 25 de julio de 2019","martes, 28 de abril de 2026",1,Vulnerable,Intel,Nuc,25/07/2019,Teltonika 955,19/08/2025,Optimo,SD 300,25/07/2019,Vulnerable,UPS,26/06/2022,Optimo,Internet Fibra optica,Hikvision DS-2CD2643G2,25/07/2019,Vulnerable,UTEPO,25/07/2019,Vulnerable,1,8,Unilumin,P10,16,14.74
19,MX_CM_VV_COL_505,505,Norte,Optimo,"viernes, 26 de julio de 2019",,1,,,,26/07/2019,,,,,26/07/2019,,,,,,Hikvision DS-2CD2643G2,26/07/2019,Vulnerable,UTEPO,26/07/2019,Vulnerable,,,Unilumin,P10,12,11.05
20,MX_CM_VV_COL_505,505,Sur,Optimo,"viernes, 26 de julio de 2019","martes, 28 de abril de 2026",1,Vulnerable,Intel,Nuc,26/07/2019,Teltonika 955,19/08/2025,Optimo,SD 300,26/07/2019,Vulnerable,UPS,27/06/2022,Optimo,Internet Fibra optica,Hikvision DS-2CD2643G2,26/07/2019,Vulnerable,UTEPO,26/07/2019,Vulnerable,1,8,Unilumin,P10,12,11.05
21,MX_CM_VV_COL_509,509,Norte,Optimo,"sábado, 27 de julio de 2019",,1,,,,27/07/2019,,,,,27/07/2019,,,,,,Hikvision DS-2CD2643G2,27/07/2019,Vulnerable,UTEPO,27/07/2019,Vulnerable,,,Amicibro,P 6,16,14.74
22,MX_CM_VV_COL_509,509,Sur,Optimo,"sábado, 27 de julio de 2019",,1,Vulnerable,Intel,Nuc,27/07/2019,Teltonika 955,20/08/2025,Optimo,SD 300,27/07/2019,Vulnerable,UPS,27/06/2022,Optimo,Internet Fibra optica,Hikvision DS-2CD2643G2,27/07/2019,Vulnerable,UTEPO,27/07/2019,Vulnerable,1,8,Amicibro,P 6,16,14.74
23,MX_CM_VV_COL_519,519,Norte,Optimo,"domingo, 28 de julio de 2019",,1,,,,28/07/2019,,,,,28/07/2019,,,,,,Hikvision DS-2CD2643G2,28/07/2019,Vulnerable,UTEPO,28/07/2019,Vulnerable,,,Amicibro,P 6,16,14.74
24,MX_CM_VV_COL_519,519,Sur,Critico,"domingo, 28 de julio de 2019",,1,Vulnerable,Intel,Nuc,28/07/2019,Teltonika 955,20/08/2025,Optimo,SD 300,28/07/2019,Vulnerable,UPS,27/06/2022,Optimo,Internet Fibra optica,Hikvision DS-2CD2643G2,28/07/2019,Vulnerable,UTEPO,28/07/2019,Vulnerable,1,8,Amicibro,P 6,16,14.74
25,MX_CM_VV_COL_529,529,Norte,Optimo,"lunes, 29 de julio de 2019",,1,,,,29/07/2019,,,,,29/07/2019,,,,,,Hikvision DS-2CD2643G2,29/07/2019,Vulnerable,UTEPO,29/07/2019,Vulnerable,,,LiteStar,P 10,16,14.74
26,MX_CM_VV_COL_529,529,Sur,Optimo,"lunes, 29 de julio de 2019",,1,Vulnerable,Mbox600PRO,Nuc,29/07/2019,Teltonika 955,21/08/2025,Optimo,SD 300,29/07/2019,Vulnerable,UPS,28/06/2022,Optimo,Internet Fibra optica,Hikvision DS-2CD2643G2,29/07/2019,Vulnerable,UTEPO,29/07/2019,Vulnerable,1,8,LiteStar,P 10,16,14.74
27,MX_CM_VV_COL_542,542,Norte,Optimo,"martes, 30 de julio de 2019",,1,,,,30/07/2019,,,,,30/07/2019,,,,,,Hikvision DS-2CD2643G2,30/07/2019,Vulnerable,UTEPO,30/07/2019,Vulnerable,,,LiteStar,P 10,16,14.74
28,MX_CM_VV_COL_542,542,Sur,Optimo,"martes, 30 de julio de 2019",,1,Vulnerable,Intel,Nuc,30/07/2019,Teltonika 955,21/08/2025,Optimo,SD 300,30/07/2019,Vulnerable,UPS,28/06/2022,Optimo,Internet Fibra optica,Hikvision DS-2CD2643G2,30/07/2019,Vulnerable,UTEPO,30/07/2019,Vulnerable,1,8,LiteStar,P 10,16,14.74
29,MX_CM_VV_COL_551,551,Norte,Optimo,"jueves, 25 de abril de 2019",,1,,,,25/04/2019,,,,,25/04/2019,,,,,,Hikvision DS-2CD2643G2,25/04/2019,Vulnerable,UTEPO,25/04/2019,Vulnerable,,,Unilumin,P10,16,14.74
30,MX_CM_VV_COL_551,551,Sur,Optimo,"jueves, 25 de abril de 2019","martes, 28 de abril de 2026",1,Optimo,Asus,Nuc,25/04/2019,Teltonika 955,22/08/2025,Optimo,SD 300,25/04/2019,Vulnerable,UPS,28/06/2022,Optimo,Internet Fibra optica,Hikvision DS-2CD2643G2,25/04/2019,Vulnerable,UTEPO,25/04/2019,Vulnerable,1,8,Unilumin,P10,16,14.74
31,MX_CM_VV_COL_571,571,Norte,Optimo,"viernes, 26 de abril de 2019",,1,,,,26/04/2019,,,,,26/04/2019,,,,,,Hikvision DS-2CD2643G2,26/04/2019,Vulnerable,UTEPO,26/04/2019,Vulnerable,,,LiteStar,P 10,16,14.74
32,MX_CM_VV_COL_571,571,Sur,Optimo,"viernes, 26 de abril de 2019",,1,Vulnerable,Intel,Nuc,26/04/2019,Teltonika 955,22/08/2025,Optimo,SD 300,26/04/2019,Vulnerable,UPS,29/06/2022,Optimo,Internet Fibra optica,Hikvision DS-2CD2643G2,26/04/2019,Vulnerable,UTEPO,26/04/2019,Vulnerable,1,8,LiteStar,P 10,16,14.74
33,MX_CM_VV_COL_576,576,Norte,Optimo,"sábado, 27 de abril de 2019",,1,,,,27/04/2019,,,,,27/04/2019,,,,,,Hikvision DS-2CD2643G2,27/04/2019,Vulnerable,UTEPO,27/04/2019,Vulnerable,,,LiteStar,P 10,16,14.74
34,MX_CM_VV_COL_576,576,Sur,Optimo,"sábado, 27 de abril de 2019",,1,Vulnerable,Intel,Nuc,27/04/2019,Teltonika 955,23/08/2025,Optimo,SD 300,27/04/2019,Vulnerable,UPS,29/06/2022,Optimo,Internet Fibra optica,Hikvision DS-2CD2643G2,27/04/2019,Vulnerable,UTEPO,27/04/2019,Vulnerable,1,8,LiteStar,P 10,16,14.74
35,MX_CM_VV_COL_588,588,Norte,Optimo,"domingo, 28 de abril de 2019",,1,,,,28/04/2019,,,,,28/04/2019,,,,,,Hikvision DS-2CD2643G2,28/04/2019,Vulnerable,UTEPO,28/04/2019,Vulnerable,,,LiteStar,P 10,16,14.74
36,MX_CM_VV_COL_588,588,Sur,Optimo,"domingo, 28 de abril de 2019",,1,Vulnerable,Intel,Nuc,28/04/2019,Teltonika 955,23/08/2025,Optimo,SD 300,28/04/2019,Vulnerable,UPS,29/06/2022,Optimo,Internet Fibra optica,Hikvision DS-2CD2643G2,28/04/2019,Vulnerable,UTEPO,28/04/2019,Vulnerable,1,8,LiteStar,P 10,16,14.74
37,MX_CM_VV_COL_594,594,Norte,Optimo,"martes, 30 de abril de 2019",,1,,,,30/04/2019,,,,,30/04/2019,,,,,,Hikvision DS-2CD2643G2,30/04/2019,Vulnerable,UTEPO,30/04/2019,Vulnerable,,,LiteStar,P 10,16,14.74
38,MX_CM_VV_COL_594,594,Sur,Optimo,"martes, 30 de abril de 2019",,1,Vulnerable,Intel,Nuc,30/04/2019,Teltonika 955,24/08/2025,Optimo,SD 300,30/04/2019,Vulnerable,UPS,30/06/2022,Optimo,Internet Fibra optica,Hikvision DS-2CD2643G2,30/04/2019,Vulnerable,UTEPO,30/04/2019,Vulnerable,1,8,LiteStar,P 10,16,14.74
39,MX_CM_VV_COL_606,606,Norte,Optimo,"jueves, 2 de mayo de 2019",,1,,,,02/05/2019,,,,,02/05/2019,,,,,,Hikvision DS-2CD2643G2,02/05/2019,Vulnerable,UTEPO,02/05/2019,Vulnerable,,,Unilumin,P10,16,14.74
40,MX_CM_VV_COL_606,606,Sur,Optimo,"jueves, 2 de mayo de 2019","jueves, 30 de abril de 2026",1,Vulnerable,Intel,Nuc,02/05/2019,Teltonika 955,24/08/2025,Optimo,SD 300,02/05/2019,Vulnerable,UPS,30/06/2022,Optimo,Internet Fibra optica,Hikvision DS-2CD2643G2,02/05/2019,Vulnerable,UTEPO,02/05/2019,Vulnerable,1,8,Unilumin,P10,16,14.74
41,MX_CM_VV_COL_620,620,Norte,Optimo,"viernes, 3 de mayo de 2019",,1,,,,03/05/2019,,,,,03/05/2019,,,,,,Hikvision DS-2CD2643G2,03/05/2019,Vulnerable,UTEPO,03/05/2019,Vulnerable,,,Unilumin,P10,16,14.74
42,MX_CM_VV_COL_620,620,Sur,Optimo,"viernes, 3 de mayo de 2019","jueves, 30 de abril de 2026",1,Vulnerable,Intel,Nuc,03/05/2019,Teltonika 955,25/08/2025,Optimo,SD 300,03/05/2019,Vulnerable,UPS,30/06/2022,Optimo,Internet Fibra optica,Hikvision DS-2CD2643G2,03/05/2019,Vulnerable,UTEPO,03/05/2019,Vulnerable,1,8,Unilumin,P10,16,14.74
43,MX_CM_VV_COL_628,628,Norte,Optimo,"domingo, 5 de mayo de 2019",,1,,,,05/05/2019,,,,,05/05/2019,,,,,,Hikvision DS-2CD2643G2,05/05/2019,Vulnerable,UTEPO,05/05/2019,Vulnerable,,,Unilumin,P10,16,14.74
44,MX_CM_VV_COL_628,628,Sur,Optimo,"domingo, 5 de mayo de 2019","jueves, 30 de abril de 2026",1,Vulnerable,Intel,Nuc,05/05/2019,Teltonika 955,25/08/2025,Optimo,SD 300,05/05/2019,Vulnerable,UPS,01/07/2022,Optimo,Internet Fibra optica,Hikvision DS-2CD2643G2,05/05/2019,Vulnerable,UTEPO,05/05/2019,Vulnerable,1,8,Unilumin,P10,16,14.74
45,MX_CM_VV_COL_639,639,Norte,Optimo,"martes, 7 de mayo de 2019",,1,,,,07/05/2019,,,,,07/05/2019,,,,,,Hikvision DS-2CD2643G2,07/05/2019,Vulnerable,UTEPO,07/05/2019,Vulnerable,,,Amicibro,P 6,16,14.74
46,MX_CM_VV_COL_639,639,Sur,Optimo,"martes, 7 de mayo de 2019","lunes, 4 de mayo de 2026",1,Vulnerable,Intel,Nuc,07/05/2019,Teltonika 955,26/08/2025,Optimo,SD 300,07/05/2019,Vulnerable,UPS,01/07/2022,Optimo,Internet Fibra optica,Hikvision DS-2CD2643G2,07/05/2019,Vulnerable,UTEPO,07/05/2019,Vulnerable,1,8,Amicibro,P 6,16,14.74
47,MX_CM_VV_COL_641,641,Norte,Funcional,"lunes, 2 de septiembre de 2019",,1,,,,02/09/2019,,,,,02/09/2019,,,,,,Hikvision DS-2CD2643G2,02/09/2019,Vulnerable,UTEPO,02/09/2019,Vulnerable,,,Unilumin,P10,16,14.74
48,MX_CM_VV_COL_641,641,Sur,Optimo,"lunes, 2 de septiembre de 2019","lunes, 4 de mayo de 2026",1,Vulnerable,Intel,Nuc,02/09/2019,Teltonika 955,26/08/2025,Optimo,SD 300,02/09/2019,Vulnerable,UPS,01/07/2022,Optimo,Internet Fibra optica,Hikvision DS-2CD2643G2,02/09/2019,Vulnerable,UTEPO,02/09/2019,Vulnerable,1,8,Unilumin,P10,16,14.74
49,MX_CM_VV_COL_651,651,Norte,Optimo,"lunes, 2 de septiembre de 2019","viernes, 10 de abril de 2026",1,,,,02/09/2019,,,,,02/09/2019,,,,,,Hikvision DS-2CD2643G2,02/09/2019,Vulnerable,UTEPO,02/09/2019,Vulnerable,,,Unilumin,P10,16,14.74
50,MX_CM_VV_COL_651,651,Sur,Funcional,"lunes, 2 de septiembre de 2019",,1,Vulnerable,ASUS,Nuc,02/09/2019,Teltonika 955,27/08/2025,Optimo,SD 300,02/09/2019,Vulnerable,UPS,02/07/2022,Optimo,N/A,Hikvision DS-2CD2643G2,02/09/2019,Vulnerable,UTEPO,02/09/2019,Vulnerable,1,8,Unilumin,P10,16,14.74
51,MX_CM_VV_COL_656,656,Norte,Optimo,"lunes, 2 de septiembre de 2019",,1,,,,02/09/2019,,,,,02/09/2019,,,,,,Hikvision DS-2CD2643G2,02/09/2019,Vulnerable,UTEPO,02/09/2019,Vulnerable,,,Amicibro,P 6,12,11.05
52,MX_CM_VV_COL_656,656,Sur,Optimo,"lunes, 2 de septiembre de 2019",,1,Vulnerable,Intel,Nuc,02/09/2019,Teltonika 955,27/08/2025,Optimo,SD 300,02/09/2019,Vulnerable,UPS,02/07/2022,Optimo,Internet Fibra optica,Hikvision DS-2CD2643G2,02/09/2019,Vulnerable,UTEPO,02/09/2019,Vulnerable,1,8,Amicibro,P 6,12,11.05
53,MX_CM_VV_COL_661,661,Norte,Optimo,"sábado, 11 de enero de 2020","viernes, 10 de abril de 2026",1,,,,11/01/2020,,,,,11/01/2020,,,,,,Hikvision DS-2CD2643G2,11/01/2020,Vulnerable,UTEPO,11/01/2020,Vulnerable,,,Amicibro,P 6,16,14.74
54,MX_CM_VV_COL_661,661,Sur,Funcional,"sábado, 11 de enero de 2020",,1,Vulnerable,Histoy Industrial,Nuc,11/01/2020,Teltonika 955,28/08/2025,Optimo,SD 300,11/01/2020,Vulnerable,UPS,02/07/2022,Optimo,Internet Fibra optica,Hikvision DS-2CD2643G2,11/01/2020,Vulnerable,UTEPO,11/01/2020,Vulnerable,1,8,Amicibro,P 6,16,14.74
55,MX_CM_VV_COL_665,665,Norte,Optimo,"domingo, 12 de enero de 2020",,1,,,,12/01/2020,,,,,12/01/2020,,,,,,Hikvision DS-2CD2643G2,12/01/2020,Vulnerable,UTEPO,12/01/2020,Vulnerable,,,Unilumin,P10,16,14.74
56,MX_CM_VV_COL_665,665,Sur,Optimo,"domingo, 12 de enero de 2020","lunes, 4 de mayo de 2026",1,Optimo,Asus,Nuc,12/01/2020,Teltonika 955,28/08/2025,Optimo,SD 300,12/01/2020,Vulnerable,UPS,03/07/2022,Optimo,Internet Fibra optica,Hikvision DS-2CD2643G2,12/01/2020,Vulnerable,UTEPO,12/01/2020,Vulnerable,1,8,Unilumin,P10,16,14.74
57,MX_CM_VV_COL_669,669,Norte,Optimo,"lunes, 13 de enero de 2020","martes, 14 de abril de 2026",1,,,,13/01/2020,,,,,13/01/2020,,,,,,Hikvision DS-2CD2643G2,13/01/2020,Vulnerable,UTEPO,13/01/2020,Vulnerable,,,Unilumin,P10,16,14.74
58,MX_CM_VV_COL_669,669,Sur,Critico,"lunes, 13 de enero de 2020",,1,Vulnerable,Intel,Nuc,13/01/2020,Teltonika 955,29/08/2025,Optimo,SD 300,13/01/2020,Vulnerable,UPS,03/07/2022,Optimo,Internet Fibra optica,Hikvision DS-2CD2643G2,13/01/2020,Vulnerable,UTEPO,13/01/2020,Vulnerable,1,8,Unilumin,P10,16,14.74
59,MX_CM_VV_COL_679,679,Norte,Funcional,"martes, 14 de enero de 2020",,1,,,,14/01/2020,,,,,14/01/2020,,,,,,Hikvision DS-2CD2643G2,14/01/2020,Vulnerable,UTEPO,14/01/2020,Vulnerable,,,Amicibro,P 6,12,11.05
60,MX_CM_VV_COL_679,679,Sur,Optimo,"martes, 14 de enero de 2020",,1,Vulnerable,Intel,Nuc,14/01/2020,Teltonika 955,29/08/2025,Optimo,SD 300,14/01/2020,Vulnerable,UPS,03/07/2022,Optimo,Internet Fibra optica,Hikvision DS-2CD2643G2,14/01/2020,Vulnerable,UTEPO,14/01/2020,Vulnerable,1,8,Amicibro,P 6,12,11.05
61,MX_CM_VV_COL_689,689,Norte,Optimo,"viernes, 2 de agosto de 2019",,1,,,,02/08/2019,,,,,02/08/2019,,,,,,Hikvision DS-2CD2643G2,02/08/2019,Vulnerable,UTEPO,02/08/2019,Vulnerable,,,Amicibro,P 6,16,14.74
62,MX_CM_VV_COL_689,689,Sur,Optimo,"viernes, 2 de agosto de 2019",,1,Vulnerable,Intel,Nuc,02/08/2019,Teltonika 955,30/08/2025,Optimo,SD 300,02/08/2019,Vulnerable,UPS,03/07/2022,Optimo,Internet Fibra optica,Hikvision DS-2CD2643G2,02/08/2019,Vulnerable,UTEPO,02/08/2019,Vulnerable,1,8,Amicibro,P 6,16,14.74
63,MX_CM_VV_COL_706,706,Norte,Optimo,"domingo, 31 de marzo de 2019",,1,,,,31/03/2019,,,,,31/03/2019,,,,,,Hikvision DS-2CD2643G2,31/03/2019,Vulnerable,UTEPO,31/03/2019,Vulnerable,,,Amicibro,P 6,16,14.74
64,MX_CM_VV_COL_706,706,Sur,Optimo,"domingo, 31 de marzo de 2019",,1,Vulnerable,Intel,Nuc,31/03/2019,Teltonika 955,30/08/2025,Optimo,SD 300,31/03/2019,Vulnerable,UPS,03/07/2022,Optimo,Internet Fibra optica,Hikvision DS-2CD2643G2,31/03/2019,Vulnerable,UTEPO,31/03/2019,Vulnerable,1,8,Amicibro,P 6,16,14.74
65,MX_CM_VV_COL_715,715,Norte,Optimo,"lunes, 8 de abril de 2019","martes, 14 de abril de 2026",1,,,,08/04/2019,,,,,08/04/2019,,,,,,Hikvision DS-2CD2643G2,08/04/2019,Vulnerable,UTEPO,08/04/2019,Vulnerable,,,Unilumin,P10,16,14.74
66,MX_CM_VV_COL_715,715,Sur,Critico,"lunes, 8 de abril de 2019",,1,Optimo,Asus,Nuc,08/04/2019,Teltonika 955,31/08/2025,Optimo,SD 300,08/04/2019,Vulnerable,UPS,04/07/2022,Optimo,Internet Fibra optica,Hikvision DS-2CD2643G2,08/04/2019,Vulnerable,UTEPO,08/04/2019,Vulnerable,1,8,Unilumin,P10,16,14.74
67,MX_CM_VV_COL_735,735,Norte,Optimo,"martes, 9 de abril de 2019",,1,,,,09/04/2019,,,,,09/04/2019,,,,,,Hikvision DS-2CD2643G2,09/04/2019,Vulnerable,UTEPO,09/04/2019,Vulnerable,,,LiteStar,P 10,16,14.74
68,MX_CM_VV_COL_735,735,Sur,Optimo,"miércoles, 10 de abril de 2019",,1,Vulnerable,Intel,Nuc,10/04/2019,Teltonika 955,31/08/2025,Optimo,SD 300,10/04/2019,Vulnerable,UPS,04/07/2022,Optimo,Internet Fibra optica,Hikvision DS-2CD2643G2,10/04/2019,Vulnerable,UTEPO,10/04/2019,Vulnerable,1,8,LiteStar,P 10,16,14.74
69,MX_CM_VV_COL_748,748,Norte,Optimo,"miércoles, 10 de abril de 2019",,1,,,,10/04/2019,,,,,10/04/2019,,,,,,Hikvision DS-2CD2643G2,10/04/2019,Vulnerable,UTEPO,10/04/2019,Vulnerable,,,Unilumin,P 10,16,14.74
70,MX_CM_VV_COL_748,748,Sur,Optimo,"sábado, 13 de abril de 2019",,1,Vulnerable,Intel,Nuc,13/04/2019,Teltonika 955,01/09/2025,Optimo,SD 300,13/04/2019,Vulnerable,UPS,04/07/2022,Optimo,Internet Fibra optica,Hikvision DS-2CD2643G2,13/04/2019,Vulnerable,UTEPO,13/04/2019,Vulnerable,1,8,Unilumin,P 10,16,14.74
71,MX_CM_VV_COL_756,756,Norte,Optimo,"sábado, 13 de abril de 2019",,1,Vulnerable,Intel,Nuc,13/04/2019,Teltonika 955,01/09/2025,Optimo,SD 300,13/04/2019,Vulnerable,UPS,05/07/2022,Optimo,Internet Fibra optica,Hikvision DS-2CD2643G2,13/04/2019,Vulnerable,UTEPO,13/04/2019,Vulnerable,1,8,Amicibro,P 6,12,11.05
73,MX_CM_VV_COL_767,767,Norte,Optimo,"domingo, 14 de abril de 2019",,1,,,,14/04/2019,,,,,14/04/2019,,,,,,Hikvision DS-2CD2643G2,14/04/2019,Vulnerable,UTEPO,14/04/2019,Vulnerable,,,LiteStar,P 10,12,11.05
74,MX_CM_VV_COL_767,767,Sur,Optimo,"domingo, 14 de abril de 2019",,1,Vulnerable,Intel,Nuc,14/04/2019,Teltonika 955,02/09/2025,Optimo,SD 300,14/04/2019,Vulnerable,UPS,05/07/2022,Optimo,Internet Fibra optica,Hikvision DS-2CD2643G2,14/04/2019,Vulnerable,UTEPO,14/04/2019,Vulnerable,1,8,LiteStar,P 10,12,11.05
75,MX_CM_VV_COL_778,778,Norte,Optimo,"miércoles, 17 de abril de 2019",,1,,,,17/04/2019,,,,,17/04/2019,,,,,,Hikvision DS-2CD2643G2,17/04/2019,Vulnerable,UTEPO,17/04/2019,Vulnerable,,,LiteStar,P 10,12,11.05
76,MX_CM_VV_COL_778,778,Sur,Optimo,"miércoles, 17 de abril de 2019",,1,Vulnerable,Intel,Nuc,17/04/2019,Teltonika 955,02/09/2025,Optimo,SD 300,17/04/2019,Vulnerable,UPS,05/07/2022,Optimo,Internet Fibra optica,Hikvision DS-2CD2643G2,17/04/2019,Vulnerable,UTEPO,17/04/2019,Vulnerable,1,8,LiteStar,P 10,12,11.05
77,MX_CM_VV_COL_791,791,Norte,Optimo,"jueves, 18 de abril de 2019","martes, 14 de abril de 2026",1,,,,18/04/2019,,,,,18/04/2019,,,,,,Hikvision DS-2CD2643G2,18/04/2019,Vulnerable,UTEPO,18/04/2019,Vulnerable,,,Unilumin,P10,16,14.74
78,MX_CM_VV_COL_791,791,Sur,Optimo,"jueves, 18 de abril de 2019",,1,Vulnerable,Intel,Nuc,18/04/2019,Teltonika 955,03/09/2025,Optimo,SD 300,18/04/2019,Vulnerable,UPS,06/07/2022,Optimo,Internet Fibra optica,Hikvision DS-2CD2643G2,18/04/2019,Vulnerable,UTEPO,18/04/2019,Vulnerable,1,8,Unilumin,P10,16,14.74
79,MX_CM_VV_COL_802,802,Norte,Optimo,"domingo, 21 de abril de 2019","jueves, 16 de abril de 2026",1,,,,21/04/2019,,,,,21/04/2019,,,,,,Hikvision DS-2CD2643G2,21/04/2019,Vulnerable,UTEPO,21/04/2019,Vulnerable,,,Unilumin,P10,16,14.74
80,MX_CM_VV_COL_802,802,Sur,Optimo,"domingo, 21 de abril de 2019",,1,Vulnerable,Intel,Nuc,21/04/2019,Teltonika 955,03/09/2025,Optimo,SD 300,21/04/2019,Vulnerable,UPS,06/07/2022,Optimo,Internet Fibra optica,Hikvision DS-2CD2643G2,21/04/2019,Vulnerable,UTEPO,21/04/2019,Vulnerable,1,8,Unilumin,P10,16,14.74
81,MX_CM_VV_COL_811,811,Norte,Optimo,"domingo, 11 de agosto de 2019","jueves, 16 de abril de 2026",1,,,,11/08/2019,,,,,11/08/2019,,,,,,Hikvision DS-2CD2643G2,11/08/2019,Vulnerable,UTEPO,11/08/2019,Vulnerable,,,Amicibro,P 6,16,14.74
82,MX_CM_VV_COL_811,811,Sur,Funcional,"domingo, 11 de agosto de 2019",,1,Vulnerable,Intel,Nuc,11/08/2019,Teltonika 955,04/09/2025,Optimo,SD 300,11/08/2019,Vulnerable,UPS,06/07/2022,Optimo,Internet Fibra optica,Hikvision DS-2CD2643G2,11/08/2019,Vulnerable,UTEPO,11/08/2019,Vulnerable,1,8,Amicibro,P 6,12,11.05
83,MX_CM_VV_COL_820,820,Norte,Optimo,"miércoles, 14 de agosto de 2019","jueves, 16 de abril de 2026",1,,,,14/08/2019,,,,,14/08/2019,,,,,,Hikvision DS-2CD2643G2,14/08/2019,Vulnerable,UTEPO,14/08/2019,Vulnerable,,,Unilumin,P10,16,14.74
84,MX_CM_VV_COL_820,820,Sur,Optimo,"miércoles, 14 de agosto de 2019",,1,Vulnerable,Intel,Nuc,14/08/2019,Teltonika 955,04/09/2025,Optimo,SD 300,14/08/2019,Vulnerable,UPS,07/07/2022,Optimo,Internet Fibra optica,Hikvision DS-2CD2643G2,14/08/2019,Vulnerable,UTEPO,14/08/2019,Vulnerable,1,8,Unilumin,P10,16,14.74
85,MX_CM_VV_COL_829,829,Norte,Optimo,"jueves, 15 de agosto de 2019","lunes, 20 de abril de 2026",1,,,,15/08/2019,,,,,15/08/2019,,,,,,Hikvision DS-2CD2643G2,15/08/2019,Vulnerable,UTEPO,15/08/2019,Vulnerable,,,Amicibro,P 6,12,11.05
86,MX_CM_VV_COL_829,829,Sur,Optimo,"jueves, 15 de agosto de 2019",,1,Vulnerable,Intel,Nuc,15/08/2019,Teltonika 955,05/09/2025,Optimo,SD 300,15/08/2019,Vulnerable,UPS,07/07/2022,Optimo,Internet Fibra optica,Hikvision DS-2CD2643G2,15/08/2019,Vulnerable,UTEPO,15/08/2019,Vulnerable,1,8,Amicibro,P 6,12,11.05
87,MX_CM_VV_COL_840,840,Norte,Optimo,"domingo, 18 de agosto de 2019",,1,,,,18/08/2019,,,,,18/08/2019,,,,,,Hikvision DS-2CD2643G2,18/08/2019,Vulnerable,UTEPO,18/08/2019,Vulnerable,,,Amicibro,P 6,16,14.74
88,MX_CM_VV_COL_840,840,Sur,Optimo,"domingo, 18 de agosto de 2019",,1,Vulnerable,Intel,Nuc,18/08/2019,Teltonika 955,05/09/2025,Optimo,SD 300,18/08/2019,Vulnerable,UPS,07/07/2022,Optimo,Internet Fibra optica,Hikvision DS-2CD2643G2,18/08/2019,Vulnerable,UTEPO,18/08/2019,Vulnerable,1,8,Amicibro,P 6,16,14.74
89,MX_CM_VV_COL_856,856,Norte,Optimo,"lunes, 19 de agosto de 2019","lunes, 20 de abril de 2026",1,,,,19/08/2019,,,,,19/08/2019,,,,,,Hikvision DS-2CD2643G2,19/08/2019,Vulnerable,UTEPO,19/08/2019,Vulnerable,,,Unilumin,P10,12,11.05
90,MX_CM_VV_COL_856,856,Sur,Funcional,"lunes, 19 de agosto de 2019",,1,Vulnerable,Intel,Nuc,19/08/2019,Teltonika 955,06/09/2025,Optimo,SD 300,19/08/2019,Vulnerable,UPS,08/07/2022,Optimo,Internet Fibra optica,Hikvision DS-2CD2643G2,19/08/2019,Vulnerable,UTEPO,19/08/2019,Vulnerable,1,8,Unilumin,P10,12,11.05
91,MX_CM_VV_COL_863,863,Norte,Optimo,"jueves, 22 de agosto de 2019","lunes, 20 de abril de 2026",1,,,,22/08/2019,,,,,22/08/2019,,,,,,Hikvision DS-2CD2643G2,22/08/2019,Vulnerable,UTEPO,22/08/2019,Vulnerable,,,Unilumin,P10,12,11.05
92,MX_CM_VV_COL_863,863,Sur,Optimo,"jueves, 22 de agosto de 2019",,1,Vulnerable,Intel,Nuc,22/08/2019,Teltonika 955,06/09/2025,Optimo,SD 300,22/08/2019,Vulnerable,UPS,08/07/2022,Optimo,Internet Fibra optica,Hikvision DS-2CD2643G2,22/08/2019,Vulnerable,UTEPO,22/08/2019,Vulnerable,1,8,Unilumin,P10,12,11.05
93,MX_CM_VV_COL_867,867,Norte,Optimo,"viernes, 23 de agosto de 2019","miércoles, 22 de abril de 2026",1,,,,23/08/2019,,,,,23/08/2019,,,,,,Hikvision DS-2CD2643G2,23/08/2019,Vulnerable,UTEPO,23/08/2019,Vulnerable,,,Unilumin,P10,12,11.05
94,MX_CM_VV_COL_867,867,Sur,Optimo,"viernes, 23 de agosto de 2019",,1,Vulnerable,Intel,Nuc,23/08/2019,Teltonika 955,07/09/2025,Optimo,SD 300,23/08/2019,Vulnerable,UPS,08/07/2022,Optimo,Internet Fibra optica,Hikvision DS-2CD2643G2,23/08/2019,Vulnerable,UTEPO,23/08/2019,Vulnerable,1,8,Unilumin,P10,12,11.05
95,MX_CM_VV_COL_877,877,Norte,Optimo,"lunes, 26 de agosto de 2019","miércoles, 22 de abril de 2026",1,,,,26/08/2019,,,,,26/08/2019,,,,,,Hikvision DS-2CD2643G2,26/08/2019,Vulnerable,UTEPO,26/08/2019,Vulnerable,,,Unilumin,P10,16,14.74
96,MX_CM_VV_COL_877,877,Sur,Optimo,"lunes, 26 de agosto de 2019",,1,Vulnerable,Intel,Nuc,26/08/2019,Teltonika 955,07/09/2025,Optimo,SD 300,26/08/2019,Vulnerable,UPS,09/07/2022,Optimo,Internet Fibra optica,Hikvision DS-2CD2643G2,26/08/2019,Vulnerable,UTEPO,26/08/2019,Vulnerable,1,8,Unilumin,P10,16,14.74
97,MX_CM_VV_COL_881,881,Norte,Optimo,"martes, 27 de agosto de 2019","miércoles, 22 de abril de 2026",1,,,,27/08/2019,,,,,27/08/2019,,,,,,Hikvision DS-2CD2643G2,27/08/2019,Vulnerable,UTEPO,27/08/2019,Vulnerable,,,Unilumin,P10,16,14.74
98,MX_CM_VV_COL_881,881,Sur,Optimo,"miércoles, 28 de agosto de 2019",,1,Vulnerable,Intel,Nuc,28/08/2019,Teltonika 955,08/09/2025,Optimo,SD 300,28/08/2019,Vulnerable,UPS,09/07/2022,Optimo,Internet Fibra optica,Hikvision DS-2CD2643G2,28/08/2019,Vulnerable,UTEPO,28/08/2019,Vulnerable,1,8,Unilumin,P10,16,14.74
99,MX_CM_VV_COL_897,897,Norte,Optimo,"jueves, 29 de agosto de 2019","viernes, 24 de abril de 2026",1,,,,29/08/2019,,,,,29/08/2019,,,,,,Hikvision DS-2CD2643G2,29/08/2019,Vulnerable,UTEPO,29/08/2019,Vulnerable,,,Unilumin,P10,12,11.05
100,MX_CM_VV_COL_897,897,Sur,Optimo,"viernes, 30 de agosto de 2019",,1,Vulnerable,Intel,Nuc,30/08/2019,Teltonika 955,08/09/2025,Optimo,SD 300,30/08/2019,Vulnerable,UPS,09/07/2022,Optimo,Internet Fibra optica,Hikvision DS-2CD2643G2,30/08/2019,Vulnerable,UTEPO,30/08/2019,Vulnerable,1,8,Unilumin,P10,12,11.05
101,MX_CM_VV_POR_0008,1,Norte,Optimo,"lunes, 20 de enero de 2020",,1,Vulnerable,Mbox600PRO,Nuc,#¡REF!,Teltonika 955,09/09/2025,Optimo,SD 300,#¡REF!,Vulnerable,UPS,10/07/2022,Optimo,Internet Fibra optica,Hikvision DS-2CD2643G2,#¡REF!,Vulnerable,UTEPO,#¡REF!,Vulnerable,1,8,Unilumin,P 6,56,35.7
102,MX_CM_VV_POR_0015,2,Sur,Optimo,"martes, 21 de enero de 2020",,1,Vulnerable,Mbox600PRO,Nuc,20/01/2020,Teltonika 955,09/09/2025,Optimo,SD 300,20/01/2020,Vulnerable,UPS,10/07/2022,Optimo,Internet Fibra optica,Hikvision DS-2CD2643G2,20/01/2020,Vulnerable,UTEPO,20/01/2020,Vulnerable,1,8,Unilumin,P 6,56,35.7
103,MX_CM_VV_POR_0078,3,Norte,Optimo,"miércoles, 22 de enero de 2020",,1,Optimo,Asus,Nuc,22/01/2020,Teltonika 955,10/09/2025,Optimo,SD 300,22/01/2020,Vulnerable,UPS,10/07/2022,Optimo,Internet Fibra optica,Hikvision DS-2DE4225IW,22/01/2020,Vulnerable,UTEPO,22/01/2020,Vulnerable,1,8,Unilumin,P 6,56,35.7
104,MX_CM_VV_POR_0092,4,Sur,Optimo,"jueves, 23 de enero de 2020",,1,Optimo,Asus,Nuc,23/01/2020,Teltonika 955,10/09/2025,Optimo,SD 300,23/01/2020,Vulnerable,UPS,11/07/2022,Optimo,Internet Fibra optica,Hikvision DS-2DE4225IW,23/01/2020,Vulnerable,UTEPO,23/01/2020,Vulnerable,1,8,Unilumin,P 6,56,35.7
,,,,,,,,,,,,,,,,,,,,,,,,,,,,,,,,,
Totales,,,,,,,103,,,54,,54,,,54,,,54,,,53,103,,,103,,,54,432,,,,
